                  epoch,             train/loss,  metrics/accuracy_top1,  metrics/accuracy_top5,               val/loss,                 lr/pg0,                 lr/pg1,                 lr/pg2
                      1,                 1.5608,                0.84439,                  0.973,                 1.8827,             0.00023626,             0.00023626,             0.00023626
                      2,                0.45028,                0.96568,                      1,                 1.7614,             0.00047192,             0.00047192,             0.00047192
                      3,                0.23384,                0.98902,                      1,                 1.7239,             0.00070521,             0.00070521,             0.00070521
